{"cameraMode":{"drawMode":0,"name":"Shaded","section":"Shading Mode"},"sceneLighting":false,"audioPlay":false,"sceneViewState":{"showFog":true,"showMaterialUpdate":false,"showSkybox":false,"showFlares":true,"showImageEffects":true,"showParticleSystems":true},"in2DMode":false,"pivot":{"x":9.795000076293946,"y":7.894999980926514,"z":0.8484442830085754},"rotation":{"x":0.005996071733534336,"y":-0.035991743206977847,"z":0.00021594179270323366,"w":0.9993343949317932},"size":18.587804794311525,"orthographic":false}