{"cameraMode":{"drawMode":0,"name":"Shaded","section":"Shading Mode"},"sceneLighting":false,"audioPlay":false,"sceneViewState":{"showFog":true,"showMaterialUpdate":false,"showSkybox":false,"showFlares":true,"showImageEffects":true,"showParticleSystems":true},"in2DMode":false,"pivot":{"x":7.1315460205078129,"y":6.0,"z":1.9999992847442628},"rotation":{"x":-0.1650589108467102,"y":0.10687975585460663,"z":-0.01799582876265049,"w":-0.9803122878074646},"size":11.963415145874024,"orthographic":false}