{"cameraMode":{"drawMode":0,"name":"Shaded","section":"Shading Mode"},"sceneLighting":false,"audioPlay":false,"sceneViewState":{"showFog":true,"showMaterialUpdate":false,"showSkybox":false,"showFlares":true,"showImageEffects":true,"showParticleSystems":true},"in2DMode":false,"pivot":{"x":9.795000076293946,"y":7.894999980926514,"z":1.2375003099441529},"rotation":{"x":-0.1650589108467102,"y":0.10687975585460663,"z":-0.01799582876265049,"w":-0.9803122878074646},"size":18.5130672454834,"orthographic":false}