{"cameraMode":{"drawMode":0,"name":"Shaded","section":"Shading Mode"},"sceneLighting":false,"audioPlay":false,"sceneViewState":{"showFog":true,"showMaterialUpdate":false,"showSkybox":false,"showFlares":true,"showImageEffects":true,"showParticleSystems":true},"in2DMode":false,"pivot":{"x":12.990002632141114,"y":6.359767913818359,"z":0.8484442830085754},"rotation":{"x":-0.1650589108467102,"y":0.10687975585460663,"z":-0.01799582876265049,"w":-0.9803122878074646},"size":21.52879524230957,"orthographic":false}