{"cameraMode":{"drawMode":0,"name":"Shaded","section":"Shading Mode"},"sceneLighting":false,"audioPlay":false,"sceneViewState":{"showFog":true,"showMaterialUpdate":false,"showSkybox":false,"showFlares":true,"showImageEffects":true,"showParticleSystems":true},"in2DMode":false,"pivot":{"x":-97.90374755859375,"y":9.564576148986817,"z":-191.79000854492188},"rotation":{"x":0.03224477916955948,"y":0.6646320223808289,"z":-0.02872961014509201,"w":0.7459259033203125},"size":7.854946136474609,"orthographic":false}