{"cameraMode":{"drawMode":0,"name":"Shaded","section":"Shading Mode"},"sceneLighting":false,"audioPlay":false,"sceneViewState":{"showFog":true,"showMaterialUpdate":false,"showSkybox":false,"showFlares":true,"showImageEffects":true,"showParticleSystems":true},"in2DMode":false,"pivot":{"x":-98.16534423828125,"y":9.95457649230957,"z":-192.86500549316407},"rotation":{"x":-0.005935161840170622,"y":0.7698783874511719,"z":0.007159759756177664,"w":0.6381268501281738},"size":10.424689292907715,"orthographic":true}