{"cameraMode":{"drawMode":0,"name":"Shaded","section":"Shading Mode"},"sceneLighting":true,"audioPlay":false,"sceneViewState":{"showFog":true,"showMaterialUpdate":false,"showSkybox":true,"showFlares":true,"showImageEffects":true,"showParticleSystems":true},"in2DMode":false,"pivot":{"x":1.2374992370605469,"y":7.894999980926514,"z":-9.794999122619629},"rotation":{"x":-0.004471421707421541,"y":0.666782021522522,"z":0.004000750835984945,"w":0.745229184627533},"size":9.85000991821289,"orthographic":true}