{"cameraMode":{"drawMode":0,"name":"Shaded","section":"Shading Mode"},"sceneLighting":false,"audioPlay":false,"sceneViewState":{"showFog":true,"showMaterialUpdate":false,"showSkybox":false,"showFlares":true,"showImageEffects":true,"showParticleSystems":true},"in2DMode":false,"pivot":{"x":-98.37184143066406,"y":9.964784622192383,"z":-192.94000244140626},"rotation":{"x":-0.0020879325456917288,"y":-0.7180510759353638,"z":-0.002154158428311348,"w":0.6959871053695679},"size":7.972677230834961,"orthographic":true}