{"cameraMode":{"drawMode":0,"name":"Shaded","section":"Shading Mode"},"sceneLighting":false,"audioPlay":false,"sceneViewState":{"showFog":true,"showMaterialUpdate":false,"showSkybox":false,"showFlares":true,"showImageEffects":true,"showParticleSystems":true},"in2DMode":false,"pivot":{"x":-96.66624450683594,"y":14.009575843811036,"z":-202.84500122070313},"rotation":{"x":0.0021716044284403326,"y":0.6899319887161255,"z":-0.0020698520820587875,"w":0.723869264125824},"size":18.513072967529298,"orthographic":true}