{"cameraMode":{"drawMode":0,"name":"Shaded","section":"Shading Mode"},"sceneLighting":false,"audioPlay":false,"sceneViewState":{"showFog":true,"showMaterialUpdate":false,"showSkybox":false,"showFlares":true,"showImageEffects":true,"showParticleSystems":true},"in2DMode":false,"pivot":{"x":-98.2101821899414,"y":14.009575843811036,"z":-202.84500122070313},"rotation":{"x":-0.01881846971809864,"y":0.7167472839355469,"z":0.01935691013932228,"w":0.6968120336532593},"size":18.489749908447267,"orthographic":true}