{"cameraMode":{"drawMode":0,"name":"Shaded","section":"Shading Mode"},"sceneLighting":false,"audioPlay":false,"sceneViewState":{"showFog":true,"showMaterialUpdate":false,"showSkybox":false,"showFlares":true,"showImageEffects":true,"showParticleSystems":true},"in2DMode":false,"pivot":{"x":0.8484441637992859,"y":6.058516025543213,"z":-9.665000915527344},"rotation":{"x":-0.004471421707421541,"y":0.666782021522522,"z":0.004000750835984945,"w":0.745229184627533},"size":18.456357955932618,"orthographic":true}