{"cameraMode":{"drawMode":0,"name":"Shaded","section":"Shading Mode"},"sceneLighting":false,"audioPlay":false,"sceneViewState":{"showFog":true,"showMaterialUpdate":false,"showSkybox":false,"showFlares":true,"showImageEffects":true,"showParticleSystems":true},"in2DMode":false,"pivot":{"x":9.795000076293946,"y":7.894999980926514,"z":0.8484445810317993},"rotation":{"x":-0.0011287989327684045,"y":-0.9264971017837524,"z":-0.0027795243076980116,"w":0.37629595398902895},"size":18.587804794311525,"orthographic":true}