{"cameraMode":{"drawMode":0,"name":"Shaded","section":"Shading Mode"},"sceneLighting":true,"audioPlay":false,"sceneViewState":{"showFog":true,"showMaterialUpdate":false,"showSkybox":true,"showFlares":true,"showImageEffects":true,"showParticleSystems":true},"in2DMode":false,"pivot":{"x":-97.90374755859375,"y":9.324576377868653,"z":-196.29501342773438},"rotation":{"x":0.03224477916955948,"y":0.6646320223808289,"z":-0.02872961014509201,"w":0.7459259033203125},"size":11.569235801696778,"orthographic":false}