{"cameraMode":{"drawMode":0,"name":"Shaded","section":"Shading Mode"},"sceneLighting":true,"audioPlay":false,"sceneViewState":{"showFog":true,"showMaterialUpdate":false,"showSkybox":true,"showFlares":true,"showImageEffects":true,"showParticleSystems":true},"in2DMode":false,"pivot":{"x":-88.48367309570313,"y":8.847063064575196,"z":-189.8115692138672},"rotation":{"x":0.03224477916955948,"y":0.6646320223808289,"z":-0.02872961014509201,"w":0.7459259033203125},"size":11.569235801696778,"orthographic":false}