{"cameraMode":{"drawMode":0,"name":"Shaded","section":"Shading Mode"},"sceneLighting":false,"audioPlay":false,"sceneViewState":{"showFog":true,"showMaterialUpdate":false,"showSkybox":false,"showFlares":true,"showImageEffects":true,"showParticleSystems":true},"in2DMode":false,"pivot":{"x":-97.54019165039063,"y":13.230425834655762,"z":-192.80679321289063},"rotation":{"x":-0.0011287989327684045,"y":-0.9264971017837524,"z":-0.0027795243076980116,"w":0.37629595398902895},"size":4.067348480224609,"orthographic":true}