{"cameraMode":{"drawMode":0,"name":"Shaded","section":"Shading Mode"},"sceneLighting":false,"audioPlay":false,"sceneViewState":{"showFog":true,"showMaterialUpdate":false,"showSkybox":false,"showFlares":true,"showImageEffects":true,"showParticleSystems":true},"in2DMode":false,"pivot":{"x":0.8484441637992859,"y":7.894999980926514,"z":-9.795001029968262},"rotation":{"x":0.0021716044284403326,"y":0.6899319887161255,"z":-0.0020698520820587875,"w":0.723869264125824},"size":18.587806701660158,"orthographic":true}